model,accuracy,macro_f1
VADER (lexicon),0.8008298755186722,0.7826414597411274
TF-IDF + Logistic Regression,0.975103734439834,0.9772376543209876
TF-IDF + Naive Bayes,0.975103734439834,0.9772376543209876
